{
  "Total" : {
    "transaction" : "Total",
    "sampleCount" : 400,
    "errorCount" : 0,
    "errorPct" : 0.0,
    "meanResTime" : 997.8400000000009,
    "medianResTime" : 273.5,
    "minResTime" : 237.0,
    "maxResTime" : 24212.0,
    "pct1ResTime" : 2569.000000000001,
    "pct2ResTime" : 4151.849999999999,
    "pct3ResTime" : 6900.540000000003,
    "throughput" : 15.839702213598382,
    "receivedKBytesPerSec" : 13.780231556646735,
    "sentKBytesPerSec" : 5.5298194768938345
  },
  "Token" : {
    "transaction" : "Token",
    "sampleCount" : 100,
    "errorCount" : 0,
    "errorPct" : 0.0,
    "meanResTime" : 2939.629999999999,
    "medianResTime" : 2138.0,
    "minResTime" : 1023.0,
    "maxResTime" : 24212.0,
    "pct1ResTime" : 5116.100000000001,
    "pct2ResTime" : 6534.849999999995,
    "pct3ResTime" : 24162.649999999976,
    "throughput" : 4.08730483119431,
    "receivedKBytesPerSec" : 3.094057825145099,
    "sentKBytesPerSec" : 1.093673363034415
  },
  "CreateBooking" : {
    "transaction" : "CreateBooking",
    "sampleCount" : 100,
    "errorCount" : 0,
    "errorPct" : 0.0,
    "meanResTime" : 410.33,
    "medianResTime" : 270.0,
    "minResTime" : 245.0,
    "maxResTime" : 2999.0,
    "pct1ResTime" : 975.3000000000002,
    "pct2ResTime" : 1065.95,
    "pct3ResTime" : 2986.1199999999935,
    "throughput" : 4.758958739827726,
    "receivedKBytesPerSec" : 4.396459929567411,
    "sentKBytesPerSec" : 2.2214670680055204
  },
  "Getbooking info" : {
    "transaction" : "Getbooking info",
    "sampleCount" : 100,
    "errorCount" : 0,
    "errorPct" : 0.0,
    "meanResTime" : 332.5400000000002,
    "medianResTime" : 269.0,
    "minResTime" : 237.0,
    "maxResTime" : 1601.0,
    "pct1ResTime" : 318.30000000000007,
    "pct2ResTime" : 948.8,
    "pct3ResTime" : 1597.4899999999982,
    "throughput" : 4.7555640098915735,
    "receivedKBytesPerSec" : 4.262731536522732,
    "sentKBytesPerSec" : 0.9867795320525015
  },
  "Update" : {
    "transaction" : "Update",
    "sampleCount" : 100,
    "errorCount" : 0,
    "errorPct" : 0.0,
    "meanResTime" : 308.86,
    "medianResTime" : 267.5,
    "minResTime" : 240.0,
    "maxResTime" : 1050.0,
    "pct1ResTime" : 311.8,
    "pct2ResTime" : 860.8999999999997,
    "pct3ResTime" : 1048.249999999999,
    "throughput" : 4.7521741196597445,
    "receivedKBytesPerSec" : 4.289950933802214,
    "sentKBytesPerSec" : 2.1601972746281426
  }
}