{
  "Total" : {
    "transaction" : "Total",
    "sampleCount" : 40000,
    "errorCount" : 38587,
    "errorPct" : 96.4675,
    "meanResTime" : 27197.84142499979,
    "medianResTime" : 322.5,
    "minResTime" : 0.0,
    "maxResTime" : 268344.0,
    "pct1ResTime" : 51835.90000000006,
    "pct2ResTime" : 92999.55,
    "pct3ResTime" : 101485.97,
    "throughput" : 106.23774945951544,
    "receivedKBytesPerSec" : 446.19149287941485,
    "sentKBytesPerSec" : 4.9107699389996124
  },
  "Token" : {
    "transaction" : "Token",
    "sampleCount" : 10000,
    "errorCount" : 9693,
    "errorPct" : 96.93,
    "meanResTime" : 85297.65949999957,
    "medianResTime" : 84474.0,
    "minResTime" : 4486.0,
    "maxResTime" : 103927.0,
    "pct1ResTime" : 94630.0,
    "pct2ResTime" : 100470.95,
    "pct3ResTime" : 102879.91,
    "throughput" : 96.12149757293218,
    "receivedKBytesPerSec" : 272.70508985858123,
    "sentKBytesPerSec" : 0.7896043098476474
  },
  "CreateBooking" : {
    "transaction" : "CreateBooking",
    "sampleCount" : 10000,
    "errorCount" : 9891,
    "errorPct" : 98.91,
    "meanResTime" : 7791.553600000031,
    "medianResTime" : 7194.5,
    "minResTime" : 0.0,
    "maxResTime" : 268321.0,
    "pct1ResTime" : 15326.699999999999,
    "pct2ResTime" : 17028.54999999999,
    "pct3ResTime" : 59246.99,
    "throughput" : 26.9860374242367,
    "receivedKBytesPerSec" : 64.89820223656905,
    "sentKBytesPerSec" : 0.13643761030542798
  },
  "Getbooking info" : {
    "transaction" : "Getbooking info",
    "sampleCount" : 10000,
    "errorCount" : 9005,
    "errorPct" : 90.05,
    "meanResTime" : 7022.174399999998,
    "medianResTime" : 1.0,
    "minResTime" : 0.0,
    "maxResTime" : 268328.0,
    "pct1ResTime" : 34977.799999999996,
    "pct2ResTime" : 58497.39999999999,
    "pct3ResTime" : 88801.72999999995,
    "throughput" : 28.990549080999592,
    "receivedKBytesPerSec" : 282.11179786249056,
    "sentKBytesPerSec" : 0.547658084558184
  },
  "Update" : {
    "transaction" : "Update",
    "sampleCount" : 10000,
    "errorCount" : 9998,
    "errorPct" : 99.98,
    "meanResTime" : 8679.978199999992,
    "medianResTime" : 16.0,
    "minResTime" : 0.0,
    "maxResTime" : 268344.0,
    "pct1ResTime" : 24813.499999999985,
    "pct2ResTime" : 41394.14999999996,
    "pct3ResTime" : 131260.50999999975,
    "throughput" : 32.81195142518711,
    "receivedKBytesPerSec" : 59.93437135479727,
    "sentKBytesPerSec" : 5.011564162130415
  }
}